[{"@type":"mappingTemplate","id":"@1","name":"Mapping20","description":"","autoExpireObject":false,"bundleVersion":"0","assetFrsGuid":"0crpIILGnGNjKFEpaT1gSz","templateId":"@3","deployTime":1749958766000,"hasParameters":false,"valid":true,"fixedConnection":true,"hasParametersDeployed":false,"fixedConnectionDeployed":true,"isSchemaValidationEnabled":false,"tasks":1,"mappingPreviewFileRecordId":"@2","documentType":"MAPPING","allowMaxFieldLength":false,"references":[{"@type":"reference","refObjectId":"@2LZLb8FulVSfKbY1nP6nqJ","refType":"connection"}]}]