[{"@type":"mappingTemplate","id":"@1","name":"m_s3_paramfile","description":"","autoExpireObject":false,"bundleVersion":"0","assetFrsGuid":"9Xf0Gz0nCmMbYoE0q5FOyq","templateId":"@3","hasParameters":true,"valid":true,"fixedConnection":true,"hasParametersDeployed":false,"fixedConnectionDeployed":false,"isSchemaValidationEnabled":false,"tasks":1,"mappingPreviewFileRecordId":"@2","documentType":"MAPPING","allowMaxFieldLength":false,"specialCharacterSupport":false,"references":[{"@type":"reference","refObjectId":"@bD1DXYg9w6PfVjOEU4ILAj","refType":"connection"}]}]