[{"@type":"mappingTemplate","id":"@1","name":"Mapping8","description":"","bundleVersion":"0","templateId":"@3","deployTime":1698357672000,"hasParameters":false,"valid":true,"fixedConnection":true,"hasParametersDeployed":false,"fixedConnectionDeployed":true,"isSchemaValidationEnabled":false,"tasks":0,"mappingPreviewFileRecordId":"@2","documentType":"MAPPING","references":[{"@type":"reference","refObjectId":"@3dOJ9nIoCmLbG0CBuc3nsD","refType":"connection"},{"@type":"reference","refObjectId":"@ldjaAY4TsYkbYn4ZqswgWB","refType":"structureDefinition"}]}]