[{"@type":"mtTask","id":"@1","name":"mt_s3_paramfile","autoExpireObject":false,"runtimeEnvironmentId":"@1I0ikwKZIjSg8AQHSsbm49","maxLogs":10,"verbose":false,"mappingId":"@9Xf0Gz0nCmMbYoE0q5FOyq","frsGuid":"0Jq8J0lmoUgcFWrJBFTNSi","sessionPropertiesList":[{"name":"Pushdown Optimization","value":"None","recommended":false},{"name":"Pushdown Optimization Context","value":"None","recommended":false},{"name":"Pushdown Optimization Fallback Option","value":"Partial PDO","recommended":false}],"hidden":false,"enableCrossSchemaPushdown":true,"enableParallelRun":false,"autoTunedApplied":false,"autoTunedAppliedType":"NONE","parameterFileName":"infagcs/pavan/addresses.csv","paramFileType":"PARAM_FILE_CLOUD","schemaMode":"async","valid":true,"schemaValidationErrorCount":-1,"paramFileConnectionId":"@bD1DXYg9w6PfVjOEU4ILAj","serverlessProperties":{},"taskProperties":[{"@type":"taskProperty","name":"parameterFileObject","currentValue":"infagcs/pavan/addresses.csv","type":"STRING","label":"label.parameterFileObject","required":false},{"@type":"taskProperty","name":"paramFileConnectionId","currentValue":"01CL0N0B000000000005","type":"CONNECTION","label":"label.paramFileConnection","required":false},{"@type":"taskProperty","name":"outboundMessageUrlQueueTime","currentValue":"","type":"NUMBER","label":"label.outboundMessageUrlQueueTime","required":false},{"@type":"taskProperty","name":"outboundMessageUrlToken","currentValue":"","type":"STRING","label":"label.outboundMessageUrlToken","required":false}],"optimizationPlan":"NONE","isMidstreamPreview":false,"allowMaxFieldLength":false,"specialCharacterSupport":false,"useUserDefinedOrder":false,"parameters":[{"@type":"mtTaskParameter","id":96564997,"name":"$Source$","type":"EXTENDED_SOURCE","label":"param","description":"","uiProperties":{"connectionParameterized":"true","paramName":"param","paramLabel":"","paramType-mapping":"Connection","logcnx":"param","isSelectDistinct":"false","isMsrcFilterParameterized":"false","isMsrcSortParameterized":"false","objectParameterized":"false","visible":"false","originalPath":"Source"},"sourceConnectionId":"@bb8q8hS18iLeP5fjFNTBYY","newFlatFile":false,"newObject":false,"showBusinessNames":true,"naturalOrder":true,"truncateTarget":false,"bulkApiDBTarget":false,"customFuncCfg":{"@type":"customFuncConfig","id":-1,"connections":[],"inputMap":[],"outputFields":[]},"targetRefsV2":{},"targetUpdateColumns":[],"fieldOrderList":[],"extendedObject":{"@type":"extendedObject","object":{"@type":"mObject","name":"test.out","label":"test.out","metadataUpdated":false,"dbSchema":"","relations":[],"children":[]},"singleMode":true,"objects":[{"@type":"mObject","name":"test.out","label":"test.out","metadataUpdated":false,"dbSchema":"","relations":[],"children":[]}],"filters":[],"sortFields":[]},"runtimeAttrs":{},"isRESTModernSource":true,"commandType":0,"isFileList":false,"handleSpecialChars":false,"handleDecimalRoundOff":false,"frsAsset":false,"dynamicFileName":false,"excludeDynamicFileNameField":false,"currentlyProcessedFileName":false,"retainFieldMetadata":false,"useExactSrcNames":false,"userUpdated":true,"tgtObjectAttributes":{},"runtimeParameterData":{"@type":"mtTaskRuntimeParameterData","isConnectionRuntimeParameter":false,"isObjectRuntimeParameter":false,"connectionParameterName":"param"},"overridableProperties":[],"overriddenFields":[]},{"@type":"mtTaskParameter","id":96564998,"name":"$Target$","type":"TARGET","label":"Target","uiProperties":{"connectionParameterized":"false","objectParameterized":"false","visible":"false","defaultTargetUpdateColumns":"","supportApplyDDLChanges":"true","originalPath":"Target"},"targetConnectionId":"@bD1DXYg9w6PfVjOEU4ILAj","targetObject":"infagcs/pavan%2F/addresses.csv","targetObjectLabel":"infagcs/pavan%2F/addresses.csv","newFlatFile":false,"newObject":false,"showBusinessNames":false,"naturalOrder":true,"truncateTarget":false,"bulkApiDBTarget":false,"operationType":"Insert","customFuncCfg":{"@type":"customFuncConfig","id":-1,"connections":[],"inputMap":[],"outputFields":[]},"targetRefsV2":{},"targetUpdateColumns":[],"fieldOrderList":[],"extendedObject":{"@type":"extendedObject","singleMode":true,"filters":[],"sortFields":[]},"runtimeAttrs":{},"isRESTModernSource":true,"commandType":0,"isFileList":false,"handleSpecialChars":false,"handleDecimalRoundOff":false,"frsAsset":false,"dynamicFileName":false,"excludeDynamicFileNameField":false,"currentlyProcessedFileName":false,"retainFieldMetadata":false,"objectName":"infagcs/pavan%2F/addresses.csv","objectLabel":"infagcs/pavan%2F/addresses.csv","useExactSrcNames":false,"userUpdated":true,"tgtObjectAttributes":{},"targetSchemaMode":"DONT_APPLY_CHANGES","runtimeParameterData":{"@type":"mtTaskRuntimeParameterData","isConnectionRuntimeParameter":false,"isObjectRuntimeParameter":false},"overridableProperties":[],"overriddenFields":[]}],"sequences":[],"inOutParameters":[],"connRuntimeAttrs":[]}]