[{"@type":"mappingTemplate","id":"@1","name":"m_ora_db2loader","description":"","bundleVersion":"0","templateId":"@3","deployTime":1695742472000,"hasParameters":false,"valid":true,"fixedConnection":true,"hasParametersDeployed":false,"fixedConnectionDeployed":true,"isSchemaValidationEnabled":false,"tasks":0,"mappingPreviewFileRecordId":"@2","documentType":"MAPPING","references":[{"@type":"reference","refObjectId":"@kAi3Ihki1cCf95lvk14Sap","refType":"connection"},{"@type":"reference","refObjectId":"@4DF0v6N95ArgYKl2x2glCb","refType":"connection"}]}]