[{"@type":"mappingTemplate","id":"@1","name":"Mapping10-Advanced","description":"","autoExpireObject":false,"bundleVersion":"0","assetFrsGuid":"kTiSOMOm60Bi3gTedKZ88q","templateId":"@3","hasParameters":false,"valid":false,"fixedConnection":true,"hasParametersDeployed":false,"fixedConnectionDeployed":false,"isSchemaValidationEnabled":false,"tasks":0,"mappingPreviewFileRecordId":"@2","documentType":"AT_SCALE_MAPPING","allowMaxFieldLength":false,"references":[{"@type":"reference","refObjectId":"@3dOJ9nIoCmLbG0CBuc3nsD","refType":"connection"},{"@type":"reference","refObjectId":"@cS9eS9bhouOhx9OZHss7mf","refType":"connection"},{"@type":"reference","refObjectId":"@3rKxGcLpA65cxgbxQ9FDCK","refType":"frsDocument"}]}]