[{"@type":"mappingTemplate","id":"@1","name":"Mapping18","description":"","autoExpireObject":false,"bundleVersion":"0","assetFrsGuid":"cHs76PPsPGPkHE1Z2Qr3m4","templateId":"@3","deployTime":1745950234000,"hasParameters":false,"valid":true,"fixedConnection":true,"hasParametersDeployed":false,"fixedConnectionDeployed":true,"isSchemaValidationEnabled":false,"tasks":0,"mappingPreviewFileRecordId":"@2","documentType":"MAPPING","allowMaxFieldLength":false,"references":[{"@type":"reference","refObjectId":"@9RapzMpdBqthwG0zxoWw6R","refType":"structureDefinition"},{"@type":"reference","refObjectId":"@2LZLb8FulVSfKbY1nP6nqJ","refType":"connection"}]}]