[{"@type":"mappingTemplate","id":"@1","name":"m_parquet_tst","description":"","bundleVersion":"0","templateId":"@3","hasParameters":false,"valid":false,"fixedConnection":true,"hasParametersDeployed":false,"fixedConnectionDeployed":false,"isSchemaValidationEnabled":false,"tasks":0,"mappingPreviewFileRecordId":"@2","documentType":"MAPPING","references":[{"@type":"reference","refObjectId":"@3dOJ9nIoCmLbG0CBuc3nsD","refType":"connection"},{"@type":"reference","refObjectId":"@aqR5m2ZXViSbPfeBXCadsh","refType":"structureDefinition"}]}]