[{"@type":"mappingTemplate","id":"@1","name":"m_python_tx-Advanced","description":"","autoExpireObject":false,"bundleVersion":"0","assetFrsGuid":"345KxuUZRaXc7GitpWUmUq","templateId":"@3","deployTime":1723228425000,"hasParameters":false,"valid":true,"fixedConnection":true,"hasParametersDeployed":false,"fixedConnectionDeployed":true,"isSchemaValidationEnabled":false,"tasks":0,"mappingPreviewFileRecordId":"@2","documentType":"AT_SCALE_MAPPING","allowMaxFieldLength":false,"references":[{"@type":"reference","refObjectId":"@3voULJyd4NOenOLD0ILYUj","refType":"connection"}]}]